{"cameraMode":{"drawMode":0,"name":"Shaded","section":"Shading Mode"},"sceneLighting":true,"audioPlay":false,"sceneViewState":{"showFog":true,"showMaterialUpdate":false,"showSkybox":true,"showFlares":true,"showImageEffects":true,"showParticleSystems":true},"in2DMode":false,"pivot":{"x":41.099998474121097,"y":36.70000076293945,"z":302.54998779296877},"rotation":{"x":-0.05887772887945175,"y":-0.2863606810569763,"z":0.017632532864809037,"w":-0.95615553855896},"size":2.521413564682007,"orthographic":false}