{"cameraMode":{"drawMode":0,"name":"Shaded","section":"Shading Mode"},"sceneLighting":false,"audioPlay":false,"sceneViewState":{"showFog":true,"showMaterialUpdate":false,"showSkybox":false,"showFlares":true,"showImageEffects":true,"showParticleSystems":true},"in2DMode":false,"pivot":{"x":247.3187713623047,"y":-11.9344482421875,"z":77.4819107055664},"rotation":{"x":0.4988391697406769,"y":-0.05686194822192192,"z":0.03282522037625313,"w":0.8642105460166931},"size":32.758174896240237,"orthographic":false}