{"cameraMode":{"drawMode":0,"name":"Shaded","section":"Shading Mode"},"sceneLighting":true,"audioPlay":false,"sceneViewState":{"showFog":true,"showMaterialUpdate":false,"showSkybox":true,"showFlares":true,"showImageEffects":true,"showParticleSystems":true},"in2DMode":false,"pivot":{"x":113.51498413085938,"y":145.10317993164063,"z":659.0571899414063},"rotation":{"x":0.00468524219468236,"y":-0.9935613870620728,"z":0.04474041983485222,"w":0.1041114553809166},"size":3.818955421447754,"orthographic":false}