{"cameraMode":{"drawMode":0,"name":"Shaded","section":"Shading Mode"},"sceneLighting":false,"audioPlay":false,"sceneViewState":{"showFog":true,"showMaterialUpdate":false,"showSkybox":false,"showFlares":true,"showImageEffects":true,"showParticleSystems":true},"in2DMode":false,"pivot":{"x":-21.182600021362306,"y":6.542099952697754,"z":36.111000061035159},"rotation":{"x":0.0067743053659796719,"y":-0.9928081035614014,"z":0.06861226260662079,"w":0.09801380336284638},"size":0.9038866758346558,"orthographic":false}