{"cameraMode":{"drawMode":0,"name":"Shaded","section":"Shading Mode"},"sceneLighting":true,"audioPlay":false,"sceneViewState":{"showFog":true,"showMaterialUpdate":false,"showSkybox":true,"showFlares":true,"showImageEffects":true,"showParticleSystems":true},"in2DMode":false,"pivot":{"x":3.880664825439453,"y":2.5344796180725099,"z":18.520000457763673},"rotation":{"x":-0.038981739431619647,"y":-0.9010583162307739,"z":0.08298324793577194,"w":-0.4239428639411926},"size":9.726662635803223,"orthographic":false}