{"cameraMode":{"drawMode":0,"name":"Shaded","section":"Shading Mode"},"sceneLighting":true,"audioPlay":false,"sceneViewState":{"showFog":true,"showMaterialUpdate":false,"showSkybox":true,"showFlares":true,"showImageEffects":true,"showParticleSystems":true},"in2DMode":false,"pivot":{"x":1.6112444400787354,"y":0.8874756693840027,"z":-0.1555984616279602},"rotation":{"x":0.307765930891037,"y":-0.24568550288677216,"z":0.08259591460227967,"w":0.9154844880104065},"size":1.827953577041626,"orthographic":false}