{"cameraMode":{"drawMode":0,"name":"Shaded","section":"Shading Mode"},"sceneLighting":false,"audioPlay":false,"sceneViewState":{"showFog":true,"showMaterialUpdate":false,"showSkybox":false,"showFlares":true,"showImageEffects":true,"showParticleSystems":true},"in2DMode":false,"pivot":{"x":-0.10365139693021774,"y":1.2533812522888184,"z":-0.1553322672843933},"rotation":{"x":-0.008646712638437748,"y":0.9913452863693237,"z":-0.09577161073684693,"w":-0.08947702497243881},"size":0.5861126184463501,"orthographic":false}