{"cameraMode":{"drawMode":0,"name":"Shaded","section":"Shading Mode"},"sceneLighting":false,"audioPlay":false,"sceneViewState":{"showFog":true,"showMaterialUpdate":false,"showSkybox":false,"showFlares":true,"showImageEffects":true,"showParticleSystems":true},"in2DMode":false,"pivot":{"x":-4.640495300292969,"y":3.8890113830566408,"z":25.74798583984375},"rotation":{"x":-0.06167973577976227,"y":0.7992592453956604,"z":-0.08326723426580429,"w":-0.5920008420944214},"size":29.352088928222658,"orthographic":false}