{"cameraMode":{"drawMode":0,"name":"Shaded","section":"Shading Mode"},"sceneLighting":false,"audioPlay":false,"sceneViewState":{"showFog":true,"showMaterialUpdate":false,"showSkybox":false,"showFlares":true,"showImageEffects":true,"showParticleSystems":true},"in2DMode":false,"pivot":{"x":-1.5519933700561524,"y":0.5999999046325684,"z":2.8259987831115724},"rotation":{"x":-0.06167973577976227,"y":0.7992592453956604,"z":-0.08326723426580429,"w":-0.5920008420944214},"size":9.699484825134278,"orthographic":false}