{"cameraMode":{"drawMode":0,"name":"Shaded","section":"Shading Mode"},"sceneLighting":false,"audioPlay":false,"sceneViewState":{"showFog":true,"showMaterialUpdate":false,"showSkybox":false,"showFlares":true,"showImageEffects":true,"showParticleSystems":true},"in2DMode":false,"pivot":{"x":4.565303802490234,"y":0.7587767839431763,"z":19.887893676757814},"rotation":{"x":-0.006501985713839531,"y":0.9905622005462647,"z":-0.1272965967655182,"w":-0.05057664215564728},"size":1.2247450351715088,"orthographic":false}