{"cameraMode":{"drawMode":0,"name":"Shaded","section":"Shading Mode"},"sceneLighting":false,"audioPlay":false,"sceneViewState":{"showFog":true,"showMaterialUpdate":false,"showSkybox":false,"showFlares":true,"showImageEffects":true,"showParticleSystems":true},"in2DMode":false,"pivot":{"x":-0.06413406133651734,"y":1.1961874961853028,"z":-0.19057905673980714},"rotation":{"x":-0.011087971739470959,"y":0.9830654263496399,"z":-0.17159396409988404,"w":-0.0635097473859787},"size":0.6505142450332642,"orthographic":false}